OBJECTID,ID,NAME,ST_ABBREV,TOTPOP_CY,HHPOP_CY,FAMPOP_CY,GQPOP_CY,POPDENS_CY,DIVINDX_CY,TOTHH_CY,AVGHHSZ_CY,FAMHH_CY,AVGFMSZ_CY,MEDHINC_CY,AVGHINC_CY,PCI_CY,TOTHU_CY,OWNER_CY,RENTER_CY,VACANT_CY,MEDVAL_CY,AVGVAL_CY,TOTPOP_FY,HHPOP_FY,FAMPOP_FY,GQPOP_FY,POPDENS_FY,DIVINDX_FY,TOTHH_FY,AVGHHSZ_FY,FAMHH_FY,AVGFMSZ_FY,MEDHINC_FY,AVGHINC_FY,PCI_FY,TOTHU_FY,OWNER_FY,RENTER_FY,VACANT_FY,MEDVAL_FY,AVGVAL_FY,POPGRW10CY,HHGRW10CY,FAMGRW10CY,POPGRWCYFY,HHGRWCYFY,FAMGRWCYFY,MHIGRWCYFY,PCIGRWCYFY,OWNGRWCYFY,Shape_Length,Shape_Area
"20,906",64101,Kansas City,MO,352,238,18,114,963.100000000000020,44.000000000000000,34,7.000000000000000,6,3.000000000000000,"42,813","56,587","6,977",35,6,28,1,"225,000","262,500",399,273,21,126,"1,091.700000000000000",46.200000000000003,39,7.000000000000000,7,3.000000000000000,"51,206","65,779","8,096",40,7,32,1,"350,000","478,571",0.890000000000000,9.630000000000001,10.010000000000000,2.540000000000000,2.780000000000000,3.130000000000000,3.650000000000000,3.020000000000000,3.130000000000000,"5,997.512176423986600","1,581,018.094037675500000"
"20,907",64102,Kansas City,MO,0,0,0,0,0.000000000000000,0.000000000000000,0,0.000000000000000,0,0.000000000000000,0,0,0,0,0,0,0,0,0,0,0,0,0,0.000000000000000,0.000000000000000,0,0.000000000000000,0,0.000000000000000,0,0,0,0,0,0,0,0,0,0.000000000000000,0.000000000000000,0.000000000000000,0.000000000000000,0.000000000000000,0.000000000000000,0.000000000000000,0.000000000000000,0.000000000000000,"7,014.951490986085400","1,263,107.139909902600000"
"20,908",64105,Kansas City,MO,"3,803","3,374",789,429,"4,869.399999999999600",50.799999999999997,"2,664",1.270000000000000,374,2.110000000000000,"32,037","44,937","32,657","3,067",406,"2,258",403,"200,000","282,574","4,076","3,647",842,429,"5,219.000000000000000",52.799999999999997,"2,872",1.270000000000000,398,2.120000000000000,"38,129","51,833","37,896","3,200",439,"2,433",328,"292,544","375,683",2.010000000000000,2.030000000000000,1.570000000000000,1.400000000000000,1.510000000000000,1.250000000000000,3.540000000000000,3.020000000000000,1.580000000000000,"13,995.392536973581000","3,378,584.626934502300000"
"20,909",64106,Kansas City,MO,"8,348","6,956","4,049","1,392","5,351.300000000000200",68.099999999999994,"3,676",1.890000000000000,"1,310",3.090000000000000,"25,959","39,642","19,197","4,084",704,"2,972",408,"162,416","209,943","8,873","7,481","4,224","1,392","5,687.800000000000200",69.700000000000003,"4,003",1.870000000000000,"1,369",3.090000000000000,"30,390","47,979","23,693","4,354",752,"3,251",351,"233,058","304,289",2.000000000000000,2.960000000000000,1.340000000000000,1.230000000000000,1.720000000000000,0.880000000000000,3.200000000000000,4.300000000000000,1.330000000000000,"13,203.350098976685000","6,748,291.281707220700000"
"20,910",64108,Kansas City,MO,"7,961","7,376","4,268",585,"2,197.599999999999900",79.000000000000000,"3,956",1.860000000000000,"1,488",2.870000000000000,"34,455","54,473","27,836","4,672","1,412","2,544",716,"128,643","181,604","8,402","7,817","4,492",585,"2,319.300000000000200",80.000000000000000,"4,190",1.870000000000000,"1,559",2.880000000000000,"40,265","63,540","32,596","4,872","1,483","2,707",682,"187,043","237,643",1.440000000000000,1.560000000000000,1.160000000000000,1.080000000000000,1.160000000000000,0.940000000000000,3.170000000000000,3.210000000000000,0.990000000000000,"18,800.448820411435000","15,662,197.953676822000000"
"20,911",64109,Kansas City,MO,"9,962","9,592","5,909",370,"4,832.899999999999600",57.299999999999997,"4,579",2.090000000000000,"1,899",3.110000000000000,"22,076","38,634","18,146","6,102","1,570","3,009","1,523","92,580","145,430","10,121","9,750","5,966",371,"4,910.000000000000000",59.000000000000000,"4,650",2.100000000000000,"1,910",3.120000000000000,"26,470","46,575","21,876","6,235","1,617","3,033","1,585","148,741","201,330",0.160000000000000,0.210000000000000,-0.050000000000000,0.320000000000000,0.310000000000000,0.120000000000000,3.700000000000000,3.810000000000000,0.590000000000000,"13,278.308726857795000","8,907,383.473780699100000"
"20,912",64110,Kansas City,MO,"15,591","14,461","8,830","1,130","5,160.199999999999800",61.799999999999997,"6,562",2.200000000000000,"2,930",3.010000000000000,"32,900","47,099","20,580","8,109","3,336","3,226","1,547","127,728","146,950","15,850","14,720","8,925","1,130","5,245.899999999999600",63.100000000000001,"6,679",2.200000000000000,"2,955",3.020000000000000,"38,414","54,857","24,047","8,194","3,385","3,294","1,515","172,697","184,239",0.220000000000000,0.260000000000000,-0.020000000000000,0.330000000000000,0.350000000000000,0.170000000000000,3.150000000000000,3.160000000000000,0.290000000000000,"20,318.753175388909000","13,044,495.646172930000000"
"20,913",64111,Kansas City,MO,"16,580","16,098","6,309",482,"6,138.500000000000000",60.700000000000003,"9,639",1.670000000000000,"2,361",2.670000000000000,"31,801","46,407","27,283","11,882","2,647","6,992","2,243","168,042","198,952","16,998","16,517","6,402",481,"6,293.199999999999800",63.399999999999999,"9,895",1.670000000000000,"2,396",2.670000000000000,"37,064","54,337","32,001","12,142","2,686","7,209","2,247","208,456","257,185",0.480000000000000,0.560000000000000,0.170000000000000,0.500000000000000,0.530000000000000,0.290000000000000,3.110000000000000,3.240000000000000,0.290000000000000,"16,554.836550787943000","11,668,939.416304275000000"
"20,914",64112,Kansas City,MO,"8,140","7,916","3,344",224,"5,546.800000000000200",34.899999999999999,"4,811",1.650000000000000,"1,329",2.520000000000000,"48,452","80,960","48,138","5,846","1,890","2,921","1,035","290,553","419,802","8,257","8,033","3,334",224,"5,626.600000000000400",37.700000000000003,"4,880",1.650000000000000,"1,319",2.530000000000000,"57,714","96,036","57,113","5,951","1,911","2,969","1,071","351,398","483,464",0.140000000000000,0.070000000000000,-0.610000000000000,0.290000000000000,0.290000000000000,-0.150000000000000,3.560000000000000,3.480000000000000,0.220000000000000,"11,376.362872807844000","6,335,884.006441058600000"
"20,915",64113,Kansas City,MO,"11,318","11,318","9,273",0,"4,545.199999999999800",15.900000000000000,"4,647",2.440000000000000,"3,125",2.970000000000000,"114,569","148,109","60,812","4,909","4,335",312,262,"336,101","408,431","11,385","11,385","9,299",0,"4,572.100000000000400",17.500000000000000,"4,672",2.440000000000000,"3,126",2.970000000000000,"138,720","176,505","72,431","4,954","4,358",314,282,"370,952","471,323",-0.060000000000000,-0.070000000000000,-0.240000000000000,0.120000000000000,0.110000000000000,0.010000000000000,3.900000000000000,3.560000000000000,0.110000000000000,"14,727.788770974652000","10,744,452.638807209000000"
"20,916",64114,Kansas City,MO,"23,379","23,018","14,401",361,"3,373.099999999999900",41.700000000000003,"11,994",1.920000000000000,"5,388",2.670000000000000,"50,791","64,404","33,202","12,845","7,503","4,491",851,"171,679","193,453","23,882","23,520","14,574",362,"3,445.699999999999800",44.000000000000000,"12,259",1.920000000000000,"5,435",2.680000000000000,"56,778","74,570","38,475","13,047","7,659","4,600",788,"201,108","232,341",0.320000000000000,0.380000000000000,-0.030000000000000,0.430000000000000,0.440000000000000,0.170000000000000,2.250000000000000,2.990000000000000,0.410000000000000,"39,021.235225678967000","29,859,245.117703371000000"
"20,917",64116,Kansas City,MO,"15,447","15,442","10,460",5,"1,433.400000000000100",51.799999999999997,"7,335",2.110000000000000,"3,603",2.900000000000000,"43,252","60,995","28,967","8,204","3,445","3,890",869,"144,410","188,084","15,712","15,707","10,521",5,"1,458.000000000000000",56.200000000000003,"7,468",2.100000000000000,"3,610",2.910000000000000,"49,648","71,721","34,094","8,388","3,473","3,995",920,"184,314","239,224",-0.020000000000000,-0.020000000000000,-0.500000000000000,0.340000000000000,0.360000000000000,0.040000000000000,2.800000000000000,3.310000000000000,0.160000000000000,"38,984.585271420889000","46,678,301.646398507000000"
"20,918",64117,Kansas City,MO,"14,080","14,043","10,642",37,"2,335.500000000000000",51.000000000000000,"5,858",2.400000000000000,"3,503",3.040000000000000,"40,639","50,773","21,152","6,507","3,180","2,678",649,"118,934","122,602","14,552","14,515","10,915",37,"2,413.800000000000200",55.700000000000003,"6,047",2.400000000000000,"3,570",3.060000000000000,"46,051","58,169","24,205","6,772","3,288","2,759",725,"135,522","154,060",0.410000000000000,0.370000000000000,0.010000000000000,0.660000000000000,0.640000000000000,0.380000000000000,2.530000000000000,2.730000000000000,0.670000000000000,"25,704.768465118344000","26,125,029.801515147000000"
"20,919",64118,Kansas City,MO,"40,627","40,460","30,831",167,"3,182.900000000000100",46.100000000000001,"17,404",2.320000000000000,"10,453",2.950000000000000,"47,380","60,840","26,106","19,022","10,823","6,581","1,618","153,649","173,937","42,026","41,859","31,687",167,"3,292.500000000000000",50.600000000000001,"17,983",2.330000000000000,"10,698",2.960000000000000,"53,460","70,795","30,345","19,648","11,177","6,806","1,665","182,717","213,065",0.350000000000000,0.340000000000000,0.030000000000000,0.680000000000000,0.660000000000000,0.460000000000000,2.440000000000000,3.060000000000000,0.650000000000000,"35,400.927718332401000","55,387,214.141729295000000"
"20,920",64119,Kansas City,MO,"27,851","27,808","22,171",43,"1,954.500000000000000",36.299999999999997,"11,357",2.450000000000000,"7,453",2.970000000000000,"56,697","72,029","29,388","12,182","8,677","2,680",825,"143,452","169,249","28,887","28,844","22,836",43,"2,027.200000000000000",40.799999999999997,"11,800",2.440000000000000,"7,656",2.980000000000000,"64,999","82,139","33,572","12,649","8,991","2,809",849,"179,407","206,612",0.400000000000000,0.480000000000000,0.170000000000000,0.730000000000000,0.770000000000000,0.540000000000000,2.770000000000000,2.700000000000000,0.710000000000000,"46,284.132694454915000","61,827,707.676905602000000"
"20,921",64120,Kansas City,MO,368,368,263,0,46.200000000000003,68.000000000000000,175,2.100000000000000,92,2.860000000000000,"25,131","31,806","15,125",240,113,62,65,"27,696","35,841",369,369,262,0,46.299999999999997,71.200000000000003,176,2.100000000000000,92,2.850000000000000,"26,860","36,501","17,409",241,114,62,65,"30,645","71,053",-0.060000000000000,0.000000000000000,0.000000000000000,0.050000000000000,0.110000000000000,0.000000000000000,1.340000000000000,2.850000000000000,0.180000000000000,"32,976.451261822251000","34,505,454.229210377000000"
"20,922",64123,Kansas City,MO,"10,675","10,567","8,481",108,"5,315.199999999999800",87.400000000000006,"3,407",3.100000000000000,"2,283",3.710000000000000,"29,474","37,170","11,968","4,236","1,836","1,571",829,"68,007","76,961","10,906","10,798","8,621",108,"5,430.199999999999800",88.099999999999994,"3,462",3.120000000000000,"2,304",3.740000000000000,"33,745","43,268","13,864","4,344","1,873","1,589",882,"74,727","116,124",0.490000000000000,0.200000000000000,-0.040000000000000,0.430000000000000,0.320000000000000,0.180000000000000,2.740000000000000,2.980000000000000,0.400000000000000,"18,115.852082398382000","8,690,662.212503673500000"
"20,923",64124,Kansas City,MO,"12,563","12,521","9,718",42,"7,847.000000000000000",89.200000000000003,"4,255",2.940000000000000,"2,609",3.720000000000000,"25,865","33,387","11,343","5,605","1,722","2,533","1,350","63,023","71,269","12,773","12,731","9,835",42,"7,978.100000000000400",90.000000000000000,"4,310",2.950000000000000,"2,624",3.750000000000000,"28,263","38,016","12,871","5,696","1,755","2,555","1,386","70,273","109,259",0.270000000000000,0.120000000000000,-0.120000000000000,0.330000000000000,0.260000000000000,0.110000000000000,1.790000000000000,2.560000000000000,0.380000000000000,"15,793.741331023584000","6,926,275.528861999500000"
"20,924",64125,Kansas City,MO,"1,881","1,877","1,491",4,973.600000000000020,80.700000000000003,640,2.930000000000000,430,3.470000000000000,"23,149","32,658","11,132",825,345,295,185,"40,493","49,130","1,880","1,876","1,483",4,973.000000000000000,82.299999999999997,639,2.940000000000000,426,3.480000000000000,"26,638","36,834","12,545",826,344,295,187,"43,434","77,616",-0.170000000000000,-0.220000000000000,-0.430000000000000,-0.010000000000000,-0.030000000000000,-0.190000000000000,2.850000000000000,2.420000000000000,-0.060000000000000,"20,252.371088612930000","8,359,356.367880102200000"
"20,925",64126,Kansas City,MO,"6,609","6,583","5,273",26,"2,546.300000000000200",86.400000000000006,"2,134",3.080000000000000,"1,407",3.750000000000000,"22,734","30,551","9,906","2,763","1,137",997,629,"46,522","56,245","6,860","6,834","5,431",26,"2,643.000000000000000",86.599999999999994,"2,220",3.080000000000000,"1,443",3.760000000000000,"25,212","34,519","11,220","2,854","1,208","1,012",634,"49,753","81,995",1.280000000000000,1.350000000000000,0.800000000000000,0.750000000000000,0.790000000000000,0.510000000000000,2.090000000000000,2.520000000000000,1.220000000000000,"21,414.448013755780000","11,223,597.702826483000000"
"20,926",64127,Kansas City,MO,"17,842","17,411","13,027",431,"4,156.000000000000000",80.000000000000000,"6,649",2.620000000000000,"3,689",3.530000000000000,"22,701","31,572","12,017","8,931","2,461","4,188","2,282","73,434","88,633","17,984","17,554","13,070",430,"4,189.000000000000000",82.000000000000000,"6,684",2.630000000000000,"3,683",3.550000000000000,"25,549","35,985","13,687","9,053","2,460","4,224","2,369","87,997","136,819",-0.030000000000000,-0.080000000000000,-0.300000000000000,0.160000000000000,0.110000000000000,-0.030000000000000,2.390000000000000,2.640000000000000,-0.010000000000000,"20,014.730009817958000","18,563,577.370251510000000"
"20,927",64128,Kansas City,MO,"11,529","11,473","8,686",56,"3,937.199999999999800",35.000000000000000,"4,637",2.470000000000000,"2,651",3.280000000000000,"19,948","28,526","11,524","6,463","2,190","2,447","1,826","54,157","64,178","11,504","11,448","8,622",56,"3,928.699999999999800",37.700000000000003,"4,627",2.470000000000000,"2,622",3.290000000000000,"22,366","32,597","13,175","6,542","2,173","2,454","1,915","59,437","99,988",-0.350000000000000,-0.280000000000000,-0.540000000000000,-0.040000000000000,-0.040000000000000,-0.220000000000000,2.310000000000000,2.710000000000000,-0.160000000000000,"18,212.299067443331000","12,653,574.738918943000000"
"20,928",64129,Kansas City,MO,"8,914","8,713","6,452",201,831.100000000000020,68.599999999999994,"3,653",2.390000000000000,"2,104",3.070000000000000,"32,702","41,911","17,411","4,320","2,088","1,565",667,"84,945","92,122","8,794","8,592","6,326",202,819.899999999999980,70.400000000000006,"3,604",2.380000000000000,"2,060",3.070000000000000,"37,115","48,752","20,279","4,330","2,052","1,552",726,"94,846","121,382",-0.620000000000000,-0.600000000000000,-0.830000000000000,-0.270000000000000,-0.270000000000000,-0.420000000000000,2.560000000000000,3.100000000000000,-0.350000000000000,"42,346.106203448078000","46,325,011.525948219000000"
"20,929",64130,Kansas City,MO,"20,691","20,407","15,726",284,"2,797.800000000000200",22.600000000000001,"8,578",2.380000000000000,"5,067",3.100000000000000,"22,801","30,556","12,811","11,147","4,366","4,212","2,569","62,164","73,305","20,847","20,564","15,769",283,"2,818.900000000000100",24.500000000000000,"8,650",2.380000000000000,"5,071",3.110000000000000,"25,590","35,234","14,797","11,257","4,385","4,265","2,607","70,135","113,295",-0.120000000000000,-0.020000000000000,-0.260000000000000,0.150000000000000,0.170000000000000,0.020000000000000,2.330000000000000,2.920000000000000,0.090000000000000,"32,670.249220126847000","31,927,421.094457164000000"
"20,930",64131,Kansas City,MO,"21,368","20,785","14,676",583,"2,649.800000000000200",62.100000000000001,"9,643",2.160000000000000,"5,087",2.890000000000000,"41,103","56,084","25,594","11,247","5,343","4,300","1,604","150,960","159,915","21,583","21,000","14,731",583,"2,676.500000000000000",63.399999999999999,"9,736",2.160000000000000,"5,087",2.900000000000000,"46,379","63,890","29,173","11,436","5,446","4,290","1,700","185,902","194,505",-0.060000000000000,-0.030000000000000,-0.310000000000000,0.200000000000000,0.190000000000000,0.000000000000000,2.440000000000000,2.650000000000000,0.380000000000000,"57,912.499324443008000","34,739,639.518190481000000"
"20,931",64132,Kansas City,MO,"13,638","13,413","10,243",225,"1,799.800000000000000",37.200000000000003,"5,463",2.460000000000000,"3,248",3.150000000000000,"25,923","33,648","13,651","6,897","2,435","3,028","1,434","70,243","80,975","13,663","13,438","10,200",225,"1,803.099999999999900",38.899999999999999,"5,483",2.450000000000000,"3,229",3.160000000000000,"28,537","39,142","15,923","6,983","2,412","3,071","1,500","75,996","115,091",-0.250000000000000,-0.120000000000000,-0.430000000000000,0.040000000000000,0.070000000000000,-0.120000000000000,1.940000000000000,3.130000000000000,-0.190000000000000,"36,463.268457045226000","32,670,269.594401162000000"
"20,932",64133,Kansas City,MO,"34,374","33,956","26,550",418,"1,913.400000000000100",56.700000000000003,"14,233",2.390000000000000,"8,935",2.970000000000000,"46,816","57,932","24,114","15,768","9,739","4,494","1,535","130,973","142,956","34,894","34,477","26,820",417,"1,942.400000000000100",58.500000000000000,"14,422",2.390000000000000,"8,987",2.980000000000000,"52,266","65,506","27,230","15,888","9,824","4,598","1,466","164,090","179,825",0.190000000000000,0.130000000000000,-0.110000000000000,0.300000000000000,0.260000000000000,0.120000000000000,2.230000000000000,2.460000000000000,0.170000000000000,"59,302.740534719182000","77,511,960.398872942000000"
"20,933",64134,Kansas City,MO,"20,930","20,871","17,039",59,"1,671.700000000000000",59.799999999999997,"7,752",2.690000000000000,"5,231",3.260000000000000,"39,303","49,799","18,474","8,930","4,741","3,011","1,178","108,216","114,633","20,881","20,821","16,928",60,"1,667.800000000000000",61.700000000000003,"7,728",2.690000000000000,"5,180",3.270000000000000,"43,954","56,720","21,029","8,976","4,727","3,001","1,248","119,939","140,993",-0.340000000000000,-0.320000000000000,-0.520000000000000,-0.050000000000000,-0.060000000000000,-0.200000000000000,2.260000000000000,2.620000000000000,-0.060000000000000,"42,531.537158176587000","53,893,607.942143224000000"
"20,934",64136,Kansas City,MO,"2,242","2,226","1,711",16,460.100000000000020,55.100000000000001,964,2.310000000000000,575,2.980000000000000,"50,000","60,229","25,972","1,000",437,527,36,"151,761","203,032","2,298","2,282","1,745",16,471.600000000000020,56.600000000000001,990,2.310000000000000,586,2.980000000000000,"55,415","70,892","30,632","1,000",453,537,10,"229,065","281,071",0.410000000000000,0.520000000000000,0.290000000000000,0.490000000000000,0.530000000000000,0.380000000000000,2.080000000000000,3.360000000000000,0.720000000000000,"22,292.441138287217000","21,022,625.261157606000000"
"20,935",64137,Kansas City,MO,"11,185","11,040","7,718",145,"1,506.500000000000000",62.600000000000001,"4,577",2.410000000000000,"2,552",3.020000000000000,"43,890","53,668","22,096","5,113","2,222","2,355",536,"133,333","139,728","11,276","11,132","7,747",144,"1,518.700000000000000",64.200000000000003,"4,603",2.420000000000000,"2,552",3.040000000000000,"49,883","61,318","25,198","5,145","2,251","2,352",542,"159,745","173,512",-0.030000000000000,-0.100000000000000,-0.280000000000000,0.160000000000000,0.110000000000000,0.000000000000000,2.590000000000000,2.660000000000000,0.260000000000000,"34,221.821625807039000","31,967,343.909758974000000"
"20,936",64138,Kansas City,MO,"24,818","24,476","19,464",342,"1,817.200000000000000",62.700000000000003,"10,031",2.440000000000000,"6,389",3.050000000000000,"46,066","57,797","23,504","11,056","6,572","3,459","1,025","127,569","138,508","25,049","24,708","19,569",341,"1,834.200000000000000",64.099999999999994,"10,102",2.450000000000000,"6,392",3.060000000000000,"51,661","65,641","26,650","11,202","6,634","3,468","1,100","153,134","174,815",0.010000000000000,-0.030000000000000,-0.230000000000000,0.190000000000000,0.140000000000000,0.010000000000000,2.320000000000000,2.540000000000000,0.190000000000000,"45,911.239868326411000","58,853,327.343567252000000"
"20,937",64139,Kansas City,MO,"1,798","1,603","1,455",195,360.100000000000020,37.399999999999999,566,2.830000000000000,467,3.120000000000000,"85,739","103,438","33,696",591,496,70,25,"296,988","307,712","1,831","1,635","1,481",196,366.699999999999990,38.700000000000003,577,2.830000000000000,474,3.120000000000000,"100,905","122,899","40,122",602,504,73,25,"339,791","366,915",0.280000000000000,0.290000000000000,0.150000000000000,0.360000000000000,0.390000000000000,0.300000000000000,3.310000000000000,3.550000000000000,0.320000000000000,"27,507.690388542309000","21,512,504.059642617000000"
"20,938",64145,Kansas City,MO,"5,717","5,266","4,131",451,858.399999999999980,37.000000000000000,"2,292",2.300000000000000,"1,456",2.840000000000000,"62,137","88,286","36,219","2,443","1,825",467,151,"263,979","286,014","5,837","5,385","4,214",452,876.500000000000000,38.399999999999999,"2,344",2.300000000000000,"1,480",2.850000000000000,"81,065","105,678","43,447","2,488","1,852",492,144,"297,906","333,855",0.310000000000000,0.390000000000000,0.160000000000000,0.420000000000000,0.450000000000000,0.330000000000000,5.460000000000000,3.710000000000000,0.290000000000000,"28,903.038353054490000","28,624,397.159120854000000"
"20,939",64146,Kansas City,MO,"1,445","1,387",973,58,291.199999999999990,51.100000000000001,696,1.990000000000000,363,2.680000000000000,"46,320","68,234","33,279",767,521,175,71,"157,075","168,810","1,463","1,406",979,57,294.800000000000010,52.899999999999999,706,1.990000000000000,365,2.680000000000000,"57,853","85,969","41,997",782,530,176,76,"196,610","214,858",0.180000000000000,0.170000000000000,-0.190000000000000,0.250000000000000,0.290000000000000,0.110000000000000,4.550000000000000,4.760000000000000,0.340000000000000,"30,848.715239790417000","21,335,995.776999854000000"
"20,940",64147,Kansas City,MO,760,718,659,42,278.300000000000010,63.600000000000001,211,3.400000000000000,182,3.620000000000000,"15,829","24,624","7,427",233,32,179,22,"158,333","260,156",760,717,658,43,278.300000000000010,65.400000000000006,210,3.410000000000000,181,3.640000000000000,"18,331","30,428","9,145",233,32,178,23,"212,500","251,563",-0.280000000000000,-0.330000000000000,-0.380000000000000,0.000000000000000,-0.090000000000000,-0.110000000000000,2.980000000000000,4.250000000000000,0.000000000000000,"20,508.986122801038000","11,730,931.691360557000000"
"20,941",64149,Kansas City,MO,378,377,336,1,44.899999999999999,34.299999999999997,157,2.400000000000000,125,2.690000000000000,"95,027","108,215","44,957",159,137,20,2,"262,931","270,985",389,388,346,1,46.200000000000003,35.399999999999999,161,2.410000000000000,128,2.700000000000000,"107,814","126,343","52,304",161,141,20,0,"301,042","316,135",0.700000000000000,0.610000000000000,0.380000000000000,0.580000000000000,0.500000000000000,0.480000000000000,2.560000000000000,3.070000000000000,0.580000000000000,"32,996.699008981261000","36,153,753.084553391000000"
"20,942",64150,Riverside,MO,"3,067","2,939","1,981",128,559.399999999999980,51.000000000000000,"1,377",2.130000000000000,680,2.910000000000000,"35,303","43,277","19,865","1,579",400,977,202,"146,014","160,938","3,232","3,104","2,070",128,589.500000000000000,55.700000000000003,"1,461",2.120000000000000,712,2.910000000000000,"38,547","50,015","23,125","1,675",416,"1,045",214,"195,082","216,587",0.670000000000000,0.930000000000000,0.460000000000000,1.050000000000000,1.190000000000000,0.920000000000000,1.770000000000000,3.090000000000000,0.790000000000000,"24,834.699397113232000","23,764,027.882789239000000"
"20,943",64151,Kansas City,MO,"25,183","25,149","19,773",34,"1,881.700000000000000",39.299999999999997,"10,808",2.330000000000000,"6,759",2.930000000000000,"64,489","83,550","35,872","11,749","6,979","3,829",941,"212,735","240,550","26,472","26,438","20,650",34,"1,978.000000000000000",43.799999999999997,"11,395",2.320000000000000,"7,052",2.930000000000000,"79,352","94,544","40,714","12,377","7,316","4,079",982,"257,045","288,522",0.730000000000000,0.860000000000000,0.530000000000000,1.000000000000000,1.060000000000000,0.850000000000000,4.240000000000000,2.560000000000000,0.950000000000000,"38,701.459014859967000","58,075,864.839226052000000"
"20,944",64152,Kansas City,MO,"26,945","26,537","22,739",408,701.500000000000000,30.800000000000001,"10,020",2.650000000000000,"7,407",3.070000000000000,"79,882","104,934","39,180","10,589","7,865","2,155",569,"222,721","291,113","28,423","28,015","23,920",408,740.000000000000000,34.600000000000001,"10,603",2.640000000000000,"7,792",3.070000000000000,"95,891","122,205","45,775","11,195","8,318","2,285",592,"285,632","360,129",0.780000000000000,0.940000000000000,0.750000000000000,1.070000000000000,1.140000000000000,1.020000000000000,3.720000000000000,3.160000000000000,1.130000000000000,"75,878.033316998975000","166,683,785.542696980000000"
"20,945",64153,Kansas City,MO,"5,460","5,455","4,011",5,157.699999999999990,42.500000000000000,"2,458",2.220000000000000,"1,334",3.010000000000000,"64,543","82,026","36,936","2,667","1,222","1,236",209,"208,019","236,682","5,613","5,608","4,095",5,162.099999999999990,47.100000000000001,"2,538",2.210000000000000,"1,362",3.010000000000000,"77,609","94,081","42,552","2,728","1,254","1,284",190,"238,151","276,017",0.180000000000000,0.390000000000000,0.040000000000000,0.550000000000000,0.640000000000000,0.420000000000000,3.760000000000000,2.870000000000000,0.520000000000000,"80,468.803970660592000","150,500,426.943289820000000"
"20,946",64154,Kansas City,MO,"9,511","9,385","7,075",126,739.899999999999980,43.799999999999997,"4,164",2.250000000000000,"2,416",2.930000000000000,"57,455","83,370","36,638","4,543","2,051","2,113",379,"258,437","300,561","10,013","9,887","7,425",126,779.000000000000000,48.000000000000000,"4,396",2.250000000000000,"2,535",2.930000000000000,"71,104","99,663","43,919","4,796","2,198","2,198",400,"291,565","349,067",0.750000000000000,0.870000000000000,0.670000000000000,1.030000000000000,1.090000000000000,0.970000000000000,4.350000000000000,3.690000000000000,1.390000000000000,"32,459.763218459320000","55,877,650.528720193000000"
"20,947",64155,Kansas City,MO,"23,693","23,514","19,976",179,"1,896.599999999999900",34.700000000000003,"8,869",2.650000000000000,"6,451",3.100000000000000,"75,367","83,460","31,320","9,281","6,798","2,071",412,"183,458","200,261","25,213","25,034","21,170",179,"2,018.300000000000000",39.100000000000001,"9,451",2.650000000000000,"6,821",3.100000000000000,"82,711","92,959","34,938","9,761","7,233","2,218",310,"208,678","227,568",1.100000000000000,1.170000000000000,0.950000000000000,1.250000000000000,1.280000000000000,1.120000000000000,1.880000000000000,2.210000000000000,1.250000000000000,"40,333.755861057092000","54,306,295.579847477000000"
"20,948",64156,Kansas City,MO,"5,297","5,272","4,383",25,420.399999999999980,32.000000000000000,"2,026",2.600000000000000,"1,406",3.120000000000000,"73,403","88,266","33,809","2,167","1,461",565,141,"247,559","276,848","5,962","5,937","4,904",25,473.100000000000020,36.399999999999999,"2,286",2.600000000000000,"1,567",3.130000000000000,"86,288","101,851","39,107","2,406","1,628",658,120,"287,037","318,428",3.140000000000000,3.120000000000000,2.690000000000000,2.390000000000000,2.440000000000000,2.190000000000000,3.290000000000000,2.950000000000000,2.190000000000000,"41,716.586391233723000","54,781,840.687353782000000"
"20,949",64157,Kansas City,MO,"17,895","17,893","16,139",2,"1,570.599999999999900",29.199999999999999,"6,004",2.980000000000000,"4,812",3.350000000000000,"94,964","117,192","39,321","6,194","5,319",685,190,"224,652","256,740","19,859","19,856","17,854",3,"1,742.900000000000100",33.200000000000003,"6,659",2.980000000000000,"5,305",3.370000000000000,"105,390","136,054","45,622","6,770","5,884",775,111,"256,844","294,464",2.510000000000000,2.550000000000000,2.360000000000000,2.100000000000000,2.090000000000000,1.970000000000000,2.110000000000000,3.020000000000000,2.040000000000000,"39,829.916220348081000","49,531,245.394990698000000"
"20,950",64158,Kansas City,MO,"5,775","5,775","4,873",0,"2,712.199999999999800",39.200000000000003,"2,197",2.630000000000000,"1,544",3.160000000000000,"87,597","97,183","36,972","2,403","1,278",919,206,"217,265","224,315","6,270","6,270","5,265",0,"2,944.599999999999900",44.399999999999999,"2,428",2.580000000000000,"1,690",3.120000000000000,"96,501","109,782","42,512","2,591","1,353","1,075",163,"240,655","257,705",2.540000000000000,3.160000000000000,2.730000000000000,1.660000000000000,2.020000000000000,1.820000000000000,1.950000000000000,2.830000000000000,1.150000000000000,"12,796.857200727085000","9,245,575.661582382400000"
"20,951",64161,Kansas City,MO,394,394,336,0,26.300000000000001,32.500000000000000,158,2.490000000000000,116,2.900000000000000,"53,721","61,870","24,811",176,121,37,18,"112,719","127,893",408,408,347,0,27.300000000000001,36.799999999999997,165,2.470000000000000,119,2.920000000000000,"57,043","67,525","27,308",183,126,39,18,"137,209","193,849",0.480000000000000,0.450000000000000,0.200000000000000,0.700000000000000,0.870000000000000,0.510000000000000,1.210000000000000,1.940000000000000,0.810000000000000,"42,702.009870299844000","64,846,084.012572430000000"
"20,952",64163,Kansas City,MO,654,654,432,0,102.800000000000000,32.600000000000001,322,2.030000000000000,153,2.820000000000000,"45,589","53,556","26,368",408,169,153,86,"147,642","185,947",652,652,425,0,102.500000000000000,36.500000000000000,322,2.020000000000000,150,2.830000000000000,"50,812","62,566","30,899",409,167,155,87,"186,864","246,407",-0.740000000000000,-0.580000000000000,-1.050000000000000,-0.060000000000000,0.000000000000000,-0.400000000000000,2.190000000000000,3.220000000000000,-0.240000000000000,"39,408.689696864443000","27,694,084.474803604000000"
"20,953",64164,Kansas City,MO,316,316,274,0,30.100000000000001,17.500000000000000,123,2.570000000000000,94,2.910000000000000,"77,481","92,362","35,951",137,103,20,14,"223,214","257,767",326,326,282,0,31.000000000000000,19.100000000000001,127,2.570000000000000,97,2.910000000000000,"89,662","105,437","41,075",142,106,21,15,"286,842","316,509",0.150000000000000,0.390000000000000,0.250000000000000,0.630000000000000,0.640000000000000,0.630000000000000,2.960000000000000,2.700000000000000,0.580000000000000,"31,754.015681428667000","45,715,305.593208492000000"
"20,954",64165,Kansas City,MO,65,65,59,0,18.100000000000001,8.900000000000000,25,2.600000000000000,21,2.810000000000000,"85,857","104,794","40,305",28,24,1,3,"241,667","267,708",70,70,63,0,19.500000000000000,8.300000000000001,27,2.590000000000000,23,2.740000000000000,"101,184","105,693","40,767",30,25,2,3,"267,857","288,000",1.510000000000000,0.970000000000000,1.150000000000000,1.490000000000000,1.550000000000000,1.840000000000000,3.340000000000000,0.230000000000000,0.820000000000000,"17,933.821358622852000","15,630,480.839542855000000"
"20,955",64166,Kansas City,MO,254,254,230,0,45.100000000000001,9.800000000000001,96,2.650000000000000,79,2.910000000000000,"88,495","101,874","38,504",100,90,6,4,"236,957","259,444",274,274,247,0,48.700000000000003,14.400000000000000,103,2.660000000000000,85,2.910000000000000,"100,253","103,608","38,947",108,97,6,5,"271,000","302,320",1.340000000000000,1.530000000000000,1.230000000000000,1.530000000000000,1.420000000000000,1.470000000000000,2.530000000000000,0.230000000000000,1.510000000000000,"25,343.765106011197000","24,487,771.977540735000000"
"20,956",64167,Kansas City,MO,420,419,389,1,273.100000000000020,8.699999999999999,145,2.890000000000000,125,3.110000000000000,"102,834","108,666","37,544",146,140,5,1,"277,083","306,071",446,445,412,1,290.000000000000000,10.300000000000001,155,2.870000000000000,133,3.100000000000000,"112,522","124,293","43,229",156,149,6,1,"329,688","362,416",0.980000000000000,1.000000000000000,0.970000000000000,1.210000000000000,1.340000000000000,1.250000000000000,1.820000000000000,2.860000000000000,1.250000000000000,"10,970.320434273728000","6,693,136.575334292800000"
